התראת_קטע_שער_ראשי	התרעה קבועה	point41	31.36861561	34.71580289
התראת_קטע_שער_3	התרעה קבועה	point42	31.3688638	34.71466641
התראת_קטע_שער_13	התרעה קבועה	point43	30.45795815	34.7164308
התראת_קטע_שער_27	התרעה קבועה	point44	31.36037884	34.72227772
התראת_קטע_שער_33	התרעה קבועה	point45	31.36455788	34.72316031
התראת_קטע_שער_37	התרעה קבועה	point46	31.36561347	34.72086358

